Number_of_Riders,Number_of_Drivers,Location_Category,Customer_Loyalty_Status,Number_of_Past_Rides,Average_Ratings,Time_of_Booking,Vehicle_Type,Expected_Ride_Duration,Historical_Cost_of_Ride
24,7,0,2,34,3.51,0,1,111,477.7411361723483
85,6,1,0,92,4.11,0,0,73,274.1712773124912
36,24,1,2,88,4.22,3,1,83,296.24287599192223
46,8,0,0,39,3.97,1,1,123,396.9586997774456
64,46,0,2,51,5.0,1,1,29,144.60138253530263
56,27,1,2,62,4.74,1,1,129,435.7154538108565
83,26,1,0,77,3.62,3,1,74,373.975635759196
85,19,0,0,17,3.69,2,0,164,587.331264277609
87,26,0,0,63,4.2,2,1,118,485.683239513509
32,15,2,0,67,3.76,1,1,23,132.12301879164062
33,14,1,1,87,4.81,1,1,17,118.98653335805044
29,8,0,2,79,4.26,2,1,133,531.0619846358322
80,69,1,2,94,4.44,3,0,74,291.5110820764234
53,33,0,1,40,3.8,2,1,139,507.9505746530285
94,36,0,1,41,4.57,2,0,76,215.741761640662
50,39,2,0,62,3.95,2,1,135,646.9811778631195
36,9,1,2,22,3.51,3,1,37,143.2178421949143
32,14,2,0,75,4.49,3,0,177,761.0167600703148
33,18,2,0,90,3.61,1,1,146,671.7128294096442
71,6,1,0,48,4.05,0,0,157,550.9983736824666
79,7,0,2,31,4.82,3,0,100,322.9000694955284
100,16,0,0,96,3.65,3,1,163,560.6703257140985
44,7,0,1,55,3.66,3,1,103,490.3421583214189
69,12,1,1,42,4.34,0,1,158,608.1282399929386
59,9,1,2,30,4.83,0,0,140,603.3651642705413
92,14,2,2,57,3.73,2,1,133,474.99773906008016
65,38,2,1,13,4.77,2,1,132,610.7325514755008
36,8,2,0,47,4.07,0,0,77,305.0088858607341
36,13,0,2,31,4.71,3,0,71,221.55110013131716
93,18,1,0,34,3.54,0,0,80,352.0685727015968
99,9,0,2,33,4.98,0,0,110,292.33936093553586
53,12,1,0,79,3.6,3,1,154,663.4393972369916
53,35,1,1,1,3.67,2,1,88,392.0078846224547
80,5,1,1,53,3.67,1,1,48,184.24294467848267
43,33,0,0,16,4.01,2,1,159,630.4284012724294
50,40,0,2,61,4.7,1,1,73,319.11098294212263
52,30,1,2,25,3.67,3,0,142,531.6062153403296
41,28,0,0,89,4.47,1,1,45,220.05114029296504
99,30,2,1,74,4.21,2,1,160,629.9546011362719
67,44,2,1,27,4.69,2,0,129,467.0198948894929
90,75,2,0,88,4.1,0,0,106,472.5465909334413
75,32,2,2,20,3.69,1,1,96,440.4442377359072
35,20,1,1,62,3.55,0,0,117,297.0874038526085
53,11,0,1,2,3.5,0,1,81,297.0186264188845
76,34,1,2,10,4.92,2,0,103,359.8010509571677
63,23,2,2,48,4.09,1,0,49,214.5660524456202
72,62,1,1,48,3.82,1,0,126,553.7408048680613
23,11,2,1,11,4.86,0,0,133,343.6721333865543
88,71,0,1,42,4.87,0,1,109,330.78364034759613
55,13,1,2,45,3.71,2,1,40,222.56858200356248
91,29,2,1,82,3.73,0,1,90,446.81702579708536
64,7,1,1,92,4.58,1,1,16,114.6992021313152
68,16,2,2,93,4.44,2,1,154,510.19578633034166
25,6,0,1,23,3.95,2,1,55,235.27811761739352
67,16,1,0,24,4.52,1,1,150,488.1872511532145
22,12,2,2,49,4.88,3,1,35,179.8388198801664
30,7,0,1,85,3.74,1,0,44,184.11208970364285
78,22,0,1,74,3.77,0,0,149,579.6814223640141
97,21,1,1,59,3.87,1,1,174,778.6333560141928
47,22,0,2,11,4.8,0,1,119,416.601648993299
21,11,2,0,46,3.84,2,0,103,397.5648404411393
87,64,0,2,69,4.55,1,1,65,310.7883994951958
81,16,1,1,73,4.89,3,0,125,494.1401793052489
77,30,2,1,99,4.7,1,1,179,689.7483154802385
52,14,1,2,87,3.54,0,1,98,425.97356882411634
34,6,0,1,11,3.75,2,0,179,465.719058488387
64,45,0,0,22,3.96,3,1,118,404.6018875393623
81,34,2,2,98,3.55,0,1,164,554.8869659163038
85,58,2,1,85,4.1,3,1,92,351.77029329216225
45,18,0,0,68,4.07,2,0,136,350.6012026111729
25,6,2,0,60,3.91,1,1,145,559.578839787104
52,14,1,0,97,4.83,1,1,66,266.9772170141728
97,21,2,1,43,3.79,0,1,106,398.1593839328215
96,48,2,0,41,4.39,2,0,130,367.7829980600229
56,37,1,2,96,3.83,0,1,130,412.5848379812361
89,16,1,1,27,4.86,0,0,161,624.305615960136
89,76,2,0,35,4.8,3,1,177,650.2985711974341
42,31,0,2,0,3.99,0,1,76,329.7954689622466
43,9,0,2,2,4.12,2,0,126,436.5576476487414
94,59,1,1,84,4.38,2,1,175,665.7295341217325
35,10,0,0,40,3.54,3,0,75,281.9625670059949
33,8,1,1,74,4.52,2,1,56,205.83755050869485
22,7,1,0,73,4.91,2,1,73,238.31899146487595
42,19,0,1,56,4.84,1,1,144,539.7316715337728
55,42,1,2,24,4.49,0,0,45,156.03832988580584
90,10,0,2,59,4.44,2,1,147,691.5012905566776
44,18,1,0,88,3.67,3,1,50,199.8397440906976
24,13,2,2,50,4.26,3,1,141,540.0620306756346
69,22,0,2,25,4.41,3,1,74,266.76777889406367
57,45,0,0,78,4.43,0,1,112,397.6919501475396
97,58,2,0,1,4.11,2,1,83,383.0749064097095
48,38,0,0,40,3.7,1,1,80,360.7111703191874
71,30,0,1,60,4.83,1,1,156,501.801349985356
65,36,1,2,20,4.39,3,1,87,313.7742265682814
25,6,2,1,69,4.45,1,1,94,398.051725971793
74,39,2,2,11,3.65,2,0,173,484.75453888236336
31,7,1,2,24,4.82,1,1,87,382.9481103198511
91,64,1,1,26,4.56,2,1,96,420.2245689053783
60,11,1,0,18,4.29,1,0,26,100.2582627032478
95,25,1,1,72,4.16,2,1,128,413.5870840445325
63,6,2,0,29,4.79,1,1,24,132.49921949173307
29,7,1,1,68,3.98,2,0,114,289.1296809487768
80,6,0,2,43,4.81,3,0,24,74.32837977574499
91,53,1,0,67,4.56,3,0,50,158.1067231747087
94,61,2,1,12,4.95,1,1,133,563.8497971641384
76,60,1,1,81,3.6,1,1,72,264.08573637935564
27,6,2,2,92,3.73,3,1,125,460.2837624776103
100,37,0,2,47,4.7,0,0,142,546.8574476673242
39,22,0,0,63,3.87,1,1,170,706.6896358975697
35,17,2,1,78,4.4,1,1,61,249.03711265544783
61,34,2,0,82,3.99,3,1,10,83.86835620425342
88,5,2,2,89,3.59,3,0,27,70.20380336705749
34,12,1,2,38,4.18,0,0,24,106.94859059241988
75,63,2,0,42,4.55,1,1,138,660.4425622593634
67,5,1,2,81,4.53,2,1,14,91.06777716361007
98,71,1,1,83,4.55,2,0,139,558.3815496134125
54,39,0,0,88,4.59,1,0,42,147.42638660593482
42,31,1,0,62,4.95,3,1,13,102.04473025177862
58,34,0,0,19,4.55,2,1,131,501.26295506529306
29,13,1,0,44,4.29,1,1,87,267.7404170012178
40,20,0,1,11,4.4,0,0,83,343.79851998722387
73,28,2,2,22,4.57,0,0,53,153.39607111804412
92,37,0,2,7,4.92,2,1,103,434.5710508212173
22,7,1,2,16,4.1,3,0,147,520.0637873298249
23,7,0,0,98,4.35,2,0,76,281.33950234360725
26,8,0,0,65,3.58,3,1,89,378.50396161301137
86,18,1,2,61,4.3,0,1,126,441.6378571357946
25,9,0,0,11,3.58,3,0,31,92.65681121424488
98,59,2,1,55,4.6,2,0,100,381.391205400882
47,9,0,0,49,4.44,1,0,96,265.05527443495566
28,18,1,1,100,3.7,0,0,127,531.1127009643968
62,5,0,2,51,4.4,0,0,160,647.204374917644
93,51,0,2,12,4.98,2,1,90,431.42166025583447
59,36,1,1,43,3.74,1,1,25,145.04223833476908
48,18,0,2,60,4.47,0,1,124,524.1655595085831
72,27,2,0,76,3.97,2,1,70,265.94661511348426
36,25,1,1,61,3.64,3,0,132,492.4640116460618
58,14,0,0,10,3.77,2,0,95,258.01445968829404
80,35,0,1,29,4.49,3,0,79,319.6520700676685
25,15,1,2,100,4.9,3,1,94,289.4570095389695
49,30,1,2,80,3.74,3,0,85,348.6695624527248
62,45,0,1,87,4.74,0,1,20,108.6023564641184
70,47,1,2,3,3.66,2,1,53,216.8024750869831
80,31,1,2,91,4.61,1,1,127,392.3027600530253
97,81,1,1,52,4.56,1,0,125,530.7599938912294
35,23,1,0,58,3.78,0,0,164,638.0445145215127
84,6,1,0,24,3.74,2,0,68,281.96824577029594
51,14,0,0,16,3.51,3,1,30,180.88655372559683
100,34,0,0,33,4.75,3,0,156,537.4486716625657
43,18,2,0,58,4.22,1,0,156,494.7452574847764
89,10,0,2,36,4.12,0,1,13,94.21444738997974
47,37,2,0,53,4.69,3,0,41,147.4597413359118
20,7,2,2,55,4.43,3,0,153,482.7422075016093
89,75,2,2,10,4.91,1,0,16,54.44953818628992
76,8,2,0,40,4.68,0,0,157,561.5796822292014
60,8,2,1,68,4.84,2,1,144,438.5186068324803
61,44,1,1,69,4.54,0,0,52,132.2147645898824
32,7,2,1,79,4.05,2,0,83,306.390461217286
57,38,1,2,54,4.1,3,1,131,537.7848594528473
59,24,1,1,40,4.0,0,1,147,631.6312970255759
47,36,0,2,100,4.2,2,0,103,414.77830030238334
52,23,2,1,41,4.23,1,0,134,534.90663340905
57,47,2,0,26,3.8,2,0,30,132.4032477391118
74,42,2,0,88,3.5,1,0,77,203.8363809804033
90,56,1,2,61,4.38,3,1,91,410.34270896598935
88,56,0,1,11,4.36,0,0,60,221.1576532597614
98,25,1,2,30,4.76,0,0,60,154.68715967826247
54,16,1,1,8,4.5,0,1,67,266.0685899337195
90,58,2,0,1,4.7,0,1,21,126.57277068445282
32,14,1,2,80,3.56,0,1,80,254.9510771161675
25,8,2,2,11,4.0,0,0,109,422.4367392307234
64,10,2,2,62,4.98,1,0,38,96.3007413779792
37,22,0,1,76,4.72,0,0,69,213.4432507972432
46,8,2,2,32,4.81,0,0,112,466.42747932165264
59,5,0,0,17,4.97,1,1,143,440.93951077757487
61,45,2,2,6,4.99,1,0,10,25.993449448411635
76,44,1,0,20,3.56,0,1,105,435.14534513079855
100,70,2,0,42,4.9,3,1,167,762.8822843495781
32,16,0,2,80,4.78,2,0,11,39.37370119886104
77,15,1,1,47,4.47,2,0,66,228.64349787316
47,15,2,0,14,4.84,3,0,89,273.11810461931896
57,44,2,0,78,3.53,1,0,153,584.888884974888
69,36,1,0,55,4.74,2,0,109,436.0114486061054
97,75,2,2,76,4.7,3,0,158,652.617297300081
78,35,0,1,5,4.35,1,1,100,317.88095784682014
78,63,0,0,14,4.21,0,0,147,655.065105532243
93,36,2,0,60,4.63,0,0,111,478.7697584495512
65,51,1,0,97,4.81,3,1,144,588.1367698544636
51,5,2,0,0,4.59,0,1,92,320.8576215627125
70,60,2,1,57,4.05,0,1,43,193.0891119987856
74,16,0,1,6,3.97,2,0,139,390.6687658288554
30,7,0,0,57,4.27,2,1,69,224.46487829301583
22,10,0,1,26,4.97,2,0,170,562.1650160715976
98,61,2,2,91,4.28,3,0,95,319.94237960548924
21,7,0,1,58,4.31,2,1,75,328.45835687553256
52,22,1,0,72,3.6,2,1,101,303.803226426852
39,29,1,2,12,4.24,1,0,97,251.1073064574406
88,16,1,0,26,4.18,2,0,32,127.33149010162909
84,55,1,1,1,4.47,0,0,146,487.3991192361553
88,46,0,0,35,4.89,0,1,72,361.98552095653855
48,19,1,0,72,3.81,3,1,65,235.65813370551408
83,57,0,2,80,4.6,3,1,172,814.4195559447121
66,40,0,1,93,4.86,1,0,153,627.0167510146084
28,6,1,1,2,4.29,2,0,89,244.21766165291973
38,7,0,0,46,3.79,3,0,78,198.17046750812372
59,22,0,1,79,4.38,2,1,93,346.2847096470098
24,8,0,0,50,4.12,2,0,164,490.41072171830416
36,10,0,0,65,3.54,3,0,53,185.61792391524813
36,16,2,1,82,4.62,0,1,72,253.4912438007839
96,80,2,1,47,3.77,2,0,70,177.20306582722415
43,26,0,2,69,4.9,1,0,107,391.0269903920518
23,9,1,2,50,3.84,1,1,34,192.3850221961644
92,35,1,1,46,4.72,2,0,45,115.35700254441711
76,23,0,1,64,3.57,3,1,115,564.9317250247195
61,12,0,0,59,4.72,0,1,178,581.9712306098094
62,14,0,2,33,4.23,2,1,85,386.834933294766
65,18,0,0,65,4.01,2,0,111,330.62430999065225
51,32,0,1,98,4.44,2,1,51,267.0607016773296
89,74,0,2,41,4.89,2,1,115,432.16279228896633
74,20,0,2,68,4.36,3,0,32,119.59407325541466
60,6,0,2,65,4.76,2,0,168,629.2044295696749
60,16,1,1,28,3.91,1,0,105,281.0970650985199
96,27,0,0,21,4.37,3,1,57,243.93730652889337
83,59,2,0,8,4.85,2,0,31,119.0485543701777
53,27,1,1,78,3.63,3,1,58,279.09504825213924
73,33,1,2,60,3.88,3,1,161,514.8771742414517
79,14,0,2,71,3.74,1,0,128,501.4125174833056
55,29,1,0,92,4.85,2,0,44,181.78093960037765
38,13,2,0,38,4.46,1,1,28,145.13756861567325
96,23,2,0,8,4.23,2,1,90,445.1254111184949
87,44,0,2,61,3.87,1,1,16,117.76366453355408
28,14,0,1,24,4.2,0,0,147,533.0802632142761
32,6,0,0,75,4.47,2,1,154,721.7212691270341
93,43,1,1,44,4.41,0,1,16,104.06154127359152
73,55,0,1,55,4.2,0,0,52,158.5563431447304
91,42,1,2,76,4.96,2,0,86,336.39439243010713
35,21,1,2,13,4.14,2,1,36,193.64239387562827
27,6,2,0,2,4.42,3,0,86,320.30170917475425
94,34,1,0,99,4.54,0,1,155,685.7612504810801
37,9,1,2,73,4.8,2,0,124,408.81562882076287
35,13,0,2,80,3.8,0,0,93,304.3133394836575
49,6,1,0,18,4.41,3,1,148,443.7750198288772
68,29,0,0,51,3.99,1,0,110,299.689056274687
93,6,0,2,85,4.47,3,0,107,324.098767437868
98,87,1,1,59,4.26,0,0,13,34.57409278115731
28,9,2,2,26,3.95,3,1,114,466.9720738288303
38,28,0,2,35,3.93,0,1,54,244.5361718306458
22,7,2,0,53,4.43,2,1,98,476.2019961536034
21,6,1,1,15,3.81,1,1,80,318.8415033130425
71,7,2,0,31,4.83,2,1,60,292.74683013160404
